alaska_ecotype,structural_class
null,no data
Upland Post-fire Scrub,not available
Lowland Post-fire Scrub,not available
Lowland Dwarf Birch-Tussock Bog Low Scrub,low shrub
Upland Moist Dwarf Birch-Willow Low Scrub,low shrub
Alpine Moist Dwarf Birch-Ericaceous Low Scrub,low shrub
Alpine Moist Willow Low Scrub,low shrub
"Upland Moist Ericaceous Low Shrub, post-disturbance",low shrub
Lowland Wet Dwarf Birch-Willow Low Scrub,low shrub
Alpine Moist Dwarf Birch-Willow Low Scrub,low shrub
Alpine Moist Willow Low Scrub,low shrub
Upland Moist Birch-Ericaceous Low Shrub,low shrub
"Upland Moist Birch-Willow Tall Shrub, post-disturbance",tall shrub
Upland Moist Willow Low and Tall Shrub,tall shrub
Upland Moist Alder Tall Shrub,tall shrub
Lowland Wet Willow Low and Tall Shrub,tall shrub
Lowland Moist Willow Tall Scrub,tall shrub
Alpine Dry Nonacidic Dryas Dwarf Shrub,dwarf shrub
Alpine Dry Acidic Dryas Dwarf Shrub,dwarf shrub
Alpine Moist Vaccinium Dwarf Shrub,dwarf shrub
Alpine Moist Cassiope Dwarf Shrub,dwarf shrub
Upland Moist Dwarf Birch-Tussock Shrub,dwarf shrub
Alpine Moist Willow Dwarf Shrub,dwarf shrub
Lowland Ericaceous Bog Dwarf Scrub,dwarf shrub
Upland Moist Spruce Forest,needleleaf forest
Upland Moist Spruce-Lichen Forest,needleleaf forest
Upland Moist White Spruce Forest,needleleaf forest
Upland Moist White Spruce Woodland,needleleaf forest
Lowland Wet Black Spruce Forest and Woodland,needleleaf forest
Upland Dry White Spruce Woodland,needleleaf forest
Lowland Moist Black Spruce Forest,needleleaf forest
Lowland Moist Spruce Woodland,needleleaf forest
Upland Moist Black Spruce Forest,needleleaf forest
Alpine Dry Acidic Barrens,barrens or partially vegetated
Alpine Dry Nonacidic Barrens,barrens or partially vegetated
Lowland Wet Sedge Meadow,sedge emergent
Lowland Wet Sedge-Shrub Fen,sedge emergent
Lowland Wet Sedge-Shrub Bog,sedge emergent
Upland Moist Spruce-Birch Forest,mixed forest
Upland Moist Spruce-Birch Woodland,mixed forest
Upland Dry White Spruce-Aspen Forest,mixed forest
Upland Dry Aspen-Spruce Woodland,mixed forest
Riverine Moist Mixed White Spruce-Birch Forest,mixed forest
Upland Moist White Spruce-Birch Forest,mixed forest
Upland Dry Aspen Woodland,broadleaf forest
Upland Dry Aspen Forest,broadleaf forest
Upland Moist Birch Woodland,broadleaf forest
Riverine Moist Balsam Poplar Forest,broadleaf forest
Alpine Dry Lichen Tundra,lichen tundra
Lowland Wet Spruce Bog Dwarf Woodland,dwarf needleleaf forest
"Upland Moist Bluejoint-Shrub Meadow, post-disturbance",grass meadow
Upland Moist Tussock Meadow,tussock meadow
